Women,Homes,Electronics,Men,Kitchen,Kids
https://www.amazon.in/amazon-bazaar/merch/ref=man_sbc_WomenBazaarHalo_1?_encoding=UTF8&ref=Bazaar_All_Halo_10&merchPageId=20002&pf_rd_p=2aed1d46-58da-44df-9576-3a2cedb4ffaa&pf_rd_r=SHXG0WNYACX9BC67AKJ4,,,,,
https://www.amazon.in/s?i=bazaar&rh=n%3A28166270031&hidden-keywords=dresses&_encoding=UTF8&crid=B3P3TSH8BGO5&pf_rd_p=2aed1d46-58da-44df-9576-3a2cedb4ffaa&pf_rd_r=DWNBZ8KDVFDJZDQKSQEJ&sprefix=dress%2Cbazaar%2C224&ref=nb_sb_noss_2,,,,,
https://www.amazon.in/s?i=bazaar&rh=n%3A28166270031&hidden-keywords=beauty+organizer&_encoding=UTF8&crid=30MF40FYKCTEY&pf_rd_p=2aed1d46-58da-44df-9576-3a2cedb4ffaa&pf_rd_r=X0W8AAJ5WS8Y7W93BGAE&sprefix=Beauty+Orga%2Cbazaar%2C181&ref=nb_sb_ss_i_1_11,,,,,
https://www.amazon.in/amazon-bazaar/merch/ref=man_sbc_WomenBazaarHalo_4?_encoding=UTF8&ref=Bazaar_Women_Halo_2&merchPageId=20004&pf_rd_p=2aed1d46-58da-44df-9576-3a2cedb4ffaa&pf_rd_r=X0W8AAJ5WS8Y7W93BGAE,,,,,
https://www.amazon.in/s?i=bazaar&hidden-keywords=jewellery+for+women&_encoding=UTF8&crid=3LF4C4JU2XY18&pf_rd_p=2aed1d46-58da-44df-9576-3a2cedb4ffaa&pf_rd_r=X0W8AAJ5WS8Y7W93BGAE&sprefix=Jewe%2Cbazaar%2C187&ref=nb_sb_ss_i_1_4,,,,,
https://www.amazon.in/s?i=bazaar&rh=n%3A28166270031&hidden-keywords=womens+sports&_encoding=UTF8&crid=1S3NRPGX81D5V&pf_rd_p=2aed1d46-58da-44df-9576-3a2cedb4ffaa&pf_rd_r=X0W8AAJ5WS8Y7W93BGAE&sprefix=womens+sports%2Cbazaar%2C243&ref=nb_sb_noss_2,,,,,
https://www.amazon.in/amazon-bazaar/merch/ref=man_sbc_WomenBazaarHalo_7?_encoding=UTF8&ref=Bazaar_Women_Halo_10&merchPageId=20006&pf_rd_p=2aed1d46-58da-44df-9576-3a2cedb4ffaa&pf_rd_r=X0W8AAJ5WS8Y7W93BGAE,,,,,
https://www.amazon.in/s?i=bazaar&rh=n%3A28166270031&dc&hidden-keywords=lehenga&_encoding=UTF8&crid=3PMVBTDFFY8AA&pf_rd_p=2aed1d46-58da-44df-9576-3a2cedb4ffaa&pf_rd_r=X0W8AAJ5WS8Y7W93BGAE&sprefix=lehanga%2Cbazaar%2C212&ref=a9_sc_1,,,,,
https://www.amazon.in/amazon-bazaar/merch/ref=man_sbc_WomenBazaarHalo_9?_encoding=UTF8&ref=Bazaar_Women_Halo_6&merchPageId=20003&pf_rd_p=2aed1d46-58da-44df-9576-3a2cedb4ffaa&pf_rd_r=X0W8AAJ5WS8Y7W93BGAE,,,https://www.amazon.in/amazon-bazaar/merch/ref=man_sbc_MenBazaarHalo_4?_encoding=UTF8&ref=Bazaar_Men_Halo_4&merchPageId=40001&pf_rd_p=621a3223-022a-452f-b63d-e38e3453f74e&pf_rd_r=HMG3RG01K8CFXP2ZSJCC,,
https://www.amazon.in/s?i=bazaar&hidden-keywords=women+bags&_encoding=UTF8&crid=33LVMOKTSIIX&pf_rd_p=2aed1d46-58da-44df-9576-3a2cedb4ffaa&pf_rd_r=X0W8AAJ5WS8Y7W93BGAE&sprefix=women+bag%2Cbazaar%2C273&ref=nb_sb_noss_2,,,,,
https://www.amazon.in/s?i=bazaar&bbn=28166270031&rh=p_36%3A-40000&hidden-keywords=tops+%26+tees&_encoding=UTF8&crid=2ERQSHSTNTEKZ&pf_rd_p=2aed1d46-58da-44df-9576-3a2cedb4ffaa&pf_rd_r=X0W8AAJ5WS8Y7W93BGAE&qid=1749053809&rnid=4595083031&sprefix=Tops+%26+%2Cbazaar%2C349&ref=is_r_p_36_0_0,,,,,
https://www.amazon.in/amazon-bazaar/merch/ref=man_sbc_WomenBazaarHalo_12?_encoding=UTF8&ref=Bazaar_Women_Halo_4&merchPageId=10002&pf_rd_p=2aed1d46-58da-44df-9576-3a2cedb4ffaa&pf_rd_r=X0W8AAJ5WS8Y7W93BGAE,,,,,
,https://www.amazon.in/s?i=bazaar&hidden-keywords=curtains&_encoding=UTF8&_encoding=UTF8&crid=11GWJW3Z4DLIZ&pf_rd_p=179b3a27-efa8-40d2-92c9-5b30b1f42984&pf_rd_r=SSZ3R9TT1AB7FTNRX9K1&sprefix=curtains%2Cbazaar%2C195&ref=nb_sb_noss_2,,,,
,https://www.amazon.in/amazon-bazaar/merch/ref=man_sbc_HomeBazaarHalo_2?_encoding=UTF8&ref=Bazaar_Home_Halo_2&merchPageId=30001&pf_rd_p=179b3a27-efa8-40d2-92c9-5b30b1f42984&pf_rd_r=SSZ3R9TT1AB7FTNRX9K1,,,,
,https://www.amazon.in/s?i=bazaar&rh=n%3A28166270031&hidden-keywords=storage+bags+for+clothes&_encoding=UTF8&crid=22IP61LJ0UW17&pf_rd_p=179b3a27-efa8-40d2-92c9-5b30b1f42984&pf_rd_r=SSZ3R9TT1AB7FTNRX9K1&sprefix=storage+bags+for+clothes+%2Cbazaar%2C187&ref=nb_sb_noss_2,,,,
,https://www.amazon.in/s?i=bazaar&hidden-keywords=cushions+%26+cushion+covers&_encoding=UTF8&_encoding=UTF8&pf_rd_p=179b3a27-efa8-40d2-92c9-5b30b1f42984&pf_rd_r=SSZ3R9TT1AB7FTNRX9K1&ref=Bazaar_Home_Halo_4,,,,
,https://www.amazon.in/amazon-bazaar/merch/ref=man_sbc_HomeBazaarHalo_5?_encoding=UTF8&ref=Bazaar_Home_Halo_5&merchPageId=30002&pf_rd_p=179b3a27-efa8-40d2-92c9-5b30b1f42984&pf_rd_r=SSZ3R9TT1AB7FTNRX9K1,,,,
,https://www.amazon.in/s?i=bazaar&rh=n%3A28166270031&hidden-keywords=carpets+%7C+rugs&_encoding=UTF8&crid=2GQSEIYAFILV2&pf_rd_p=179b3a27-efa8-40d2-92c9-5b30b1f42984&pf_rd_r=SSZ3R9TT1AB7FTNRX9K1&sprefix=carpets+rugs%2Cbazaar%2C185&ref=nb_sb_noss,,,,
,https://www.amazon.in/s?i=bazaar&rh=n%3A28166270031&hidden-keywords=Cleaning+tools&_encoding=UTF8&crid=1TTUWYWVWXLJQ&pf_rd_p=179b3a27-efa8-40d2-92c9-5b30b1f42984&pf_rd_r=SSZ3R9TT1AB7FTNRX9K1&sprefix=cleaning+tool%2Cbazaar%2C241&ref=nb_sb_noss_2,,,,
,https://www.amazon.in/s?i=bazaar&hidden-keywords=pooja&_encoding=UTF8&_encoding=UTF8&pf_rd_p=179b3a27-efa8-40d2-92c9-5b30b1f42984&pf_rd_r=SSZ3R9TT1AB7FTNRX9K1&ref=Bazaar_Home_Halo_8,,,,
,https://www.amazon.in/s?i=bazaar&rh=n%3A28166270031&hidden-keywords=candle+holder+%7C+dreamcatcher+%7C+showpiece&_encoding=UTF8&crid=216FFXB637MG8&pf_rd_p=179b3a27-efa8-40d2-92c9-5b30b1f42984&pf_rd_r=SSZ3R9TT1AB7FTNRX9K1&sprefix=candle+holder+dreamcatcher+showpiece%2Cbazaar%2C219&ref=nb_sb_noss,,,,
,,https://www.amazon.in/s?i=bazaar&hidden-keywords=headphones&_encoding=UTF8&_encoding=UTF8&content-id=amzn1.sym.6c4dd457-9355-40b1-a216-2ce94ba3c3fc&crid=D8KWOWVUR5AB&pd_rd_r=c86919bb-2375-4873-95b0-85c6cf9184c7&pd_rd_w=8kugV&pd_rd_wg=Amueg&pf_rd_p=b4e6d05e-44a5-4474-aeb2-69d8776f069a&pf_rd_r=0HMM7RKW822JCP87XW1S&sprefix=headphone%2Cbazaar%2C235&ref=nb_sb_noss_2,,,
,,https://www.amazon.in/s?i=bazaar&hidden-keywords=wired+earphones&_encoding=UTF8&_encoding=UTF8&content-id=amzn1.sym.6c4dd457-9355-40b1-a216-2ce94ba3c3fc&crid=21T7ME0I709WR&pd_rd_r=40070c1d-86d5-41b5-9e86-ca8ea81a7957&pd_rd_w=qGWTh&pd_rd_wg=nzyp2&pf_rd_p=b4e6d05e-44a5-4474-aeb2-69d8776f069a&pf_rd_r=0HMM7RKW822JCP87XW1S&sprefix=wired+earphone%2Cbazaar%2C237&ref=nb_sb_noss_2,,,
,,https://www.amazon.in/amazon-bazaar/merch/ref=man_sbc_BazaarHalo_3?_encoding=UTF8&ref=Bazaar_All_Halo_7&merchPageId=2341&pf_rd_p=b4e6d05e-44a5-4474-aeb2-69d8776f069a&pf_rd_r=0HMM7RKW822JCP87XW1S,,,
,,https://www.amazon.in/amazon-bazaar/merch/ref=man_sbc_BazaarHalo_4?_encoding=UTF8&ref=Bazaar_All_Halo_7&merchPageId=2342&pf_rd_p=b4e6d05e-44a5-4474-aeb2-69d8776f069a&pf_rd_r=0HMM7RKW822JCP87XW1S,,,
,,https://www.amazon.in/amazon-bazaar/merch/ref=man_sbc_BazaarHalo_5?_encoding=UTF8&ref=Bazaar_All_Halo_7&merchPageId=2344&pf_rd_p=b4e6d05e-44a5-4474-aeb2-69d8776f069a&pf_rd_r=0HMM7RKW822JCP87XW1S,,,
,,https://www.amazon.in/s?i=bazaar&rh=n%3A28166270031&hidden-keywords=Selfie+Sticks+%26+Tripods&_encoding=UTF8&crid=WIUZAU8373QD&pf_rd_p=b4e6d05e-44a5-4474-aeb2-69d8776f069a&pf_rd_r=0HMM7RKW822JCP87XW1S&sprefix=selfie+sticks+%26+tripods%2Cbazaar%2C201&ref=nb_sb_noss,,,
,,https://www.amazon.in/s?i=bazaar&hidden-keywords=Wire+organizers&_encoding=UTF8&crid=2Z1LW8LY11J7Q&pf_rd_p=b4e6d05e-44a5-4474-aeb2-69d8776f069a&pf_rd_r=0HMM7RKW822JCP87XW1S&sprefix=wire+organisers%2Cbazaar%2C322&ref=nb_sb_noss_1,,,
,,,https://www.amazon.in/s?i=bazaar&hidden-keywords=casual+shirt+for+man&_encoding=UTF8&crid=3PUXV0X0Y8R10&pf_rd_p=621a3223-022a-452f-b63d-e38e3453f74e&pf_rd_r=HMG3RG01K8CFXP2ZSJCC&sprefix=casual+shirt%2Cbazaar%2C236&ref=nb_sb_ss_i_1_12,,
,,,https://www.amazon.in/s?i=bazaar&hidden-keywords=mens+jeans&_encoding=UTF8&crid=2TL5FHJ2DOK13&pf_rd_p=621a3223-022a-452f-b63d-e38e3453f74e&pf_rd_r=HMG3RG01K8CFXP2ZSJCC&sprefix=mens+jeans%2Cbazaar%2C245&ref=nb_sb_noss_2,,
,,,https://www.amazon.in/s?i=bazaar&hidden-keywords=Men+tshirts+and+polo&_encoding=UTF8&pf_rd_p=621a3223-022a-452f-b63d-e38e3453f74e&pf_rd_r=HMG3RG01K8CFXP2ZSJCC&ref=Bazaar_Men_Halo_3,,
,,,https://www.amazon.in/s?i=bazaar&hidden-keywords=formal+shirts+for+man&_encoding=UTF8&crid=3QE3THR1WGLEJ&pf_rd_p=621a3223-022a-452f-b63d-e38e3453f74e&pf_rd_r=HMG3RG01K8CFXP2ZSJCC&sprefix=Formal%2Cbazaar%2C210&ref=nb_sb_ss_i_3_6,,
,,,https://www.amazon.in/amazon-bazaar/merch/ref=man_sbc_MenBazaarHalo_6?_encoding=UTF8&ref=Bazaar_Men_Halo_6&merchPageId=40002&pf_rd_p=621a3223-022a-452f-b63d-e38e3453f74e&pf_rd_r=HMG3RG01K8CFXP2ZSJCC,,
,,,https://www.amazon.in/amazon-bazaar/merch/ref=man_sbc_MenBazaarHalo_7?_encoding=UTF8&ref=Bazaar_Men_Halo_9&merchPageId=40003&pf_rd_p=621a3223-022a-452f-b63d-e38e3453f74e&pf_rd_r=HMG3RG01K8CFXP2ZSJCC,,
,,,https://www.amazon.in/s?i=bazaar&rh=n%3A28166270031&hidden-keywords=men+grooming+trimmer&_encoding=UTF8&crid=17KEX835TFJWL&pf_rd_p=621a3223-022a-452f-b63d-e38e3453f74e&pf_rd_r=HMG3RG01K8CFXP2ZSJCC&sprefix=men+grooming+trimm%2Cbazaar%2C285&ref=nb_sb_noss_2,,
,,,https://www.amazon.in/s?i=bazaar&hidden-keywords=Mens+kurta&_encoding=UTF8&pf_rd_p=621a3223-022a-452f-b63d-e38e3453f74e&pf_rd_r=HMG3RG01K8CFXP2ZSJCC&ref=Bazaar_Men_Halo_10,,
,,,,https://www.amazon.in/s?i=bazaar&bbn=28166270031&rh=n%3A28166270031%2Cp_36%3A-35000&hidden-keywords=Cookware&_encoding=UTF8&crid=2X77YPJW9L7EC&pf_rd_p=56d3e361-2683-472d-aa9e-bb8abcff14d5&pf_rd_r=VC82Y8R0AENS3T14RDKT&qid=1752055759&rnid=3444809031&sprefix=cookwar%2Cbazaar%2C334&ref=is_r_p_36_0_0,
,,,,https://www.amazon.in/s?i=bazaar&rh=n%3A28166270031&hidden-keywords=apron%7C+linen&_encoding=UTF8&crid=2BC7GURA8KKSZ&pf_rd_p=56d3e361-2683-472d-aa9e-bb8abcff14d5&pf_rd_r=VC82Y8R0AENS3T14RDKT&sprefix=apron+linen%2Cbazaar%2C208&ref=nb_sb_noss,
,,,,https://www.amazon.in/s?i=bazaar&rh=n%3A28166270031&hidden-keywords=Dinnerware&_encoding=UTF8&crid=37P66V8UQV3FE&pf_rd_p=56d3e361-2683-472d-aa9e-bb8abcff14d5&pf_rd_r=VC82Y8R0AENS3T14RDKT&sprefix=dinnerwar%2Cbazaar%2C204&ref=nb_sb_noss_2,
,,,,https://www.amazon.in/s?i=bazaar&bbn=28166270031&rh=n%3A28166270031%2Cp_36%3A-35000&hidden-keywords=Cups&_encoding=UTF8&crid=2KV5WNN9WHQMI&pf_rd_p=56d3e361-2683-472d-aa9e-bb8abcff14d5&pf_rd_r=VC82Y8R0AENS3T14RDKT&qid=1752055912&rnid=3444809031&sprefix=cups%2Cbazaar%2C187&ref=is_r_p_36_0_0,
,,,,https://www.amazon.in/s?i=bazaar&bbn=28166270031&rh=n%3A28166270031%2Cp_36%3A-30000&hidden-keywords=lunch+box&_encoding=UTF8&crid=1N0W7EEP0B5PQ&pf_rd_p=56d3e361-2683-472d-aa9e-bb8abcff14d5&pf_rd_r=VC82Y8R0AENS3T14RDKT&qid=1747376318&rnid=3444809031&sprefix=lunch+box+%2Cbazaar%2C228&ref=is_r_p_36_0_0,
,,,,https://www.amazon.in/s?i=bazaar&hidden-keywords=kitchen+storage+box&_encoding=UTF8&crid=2WW9Z7ZVABO8Q&pf_rd_p=56d3e361-2683-472d-aa9e-bb8abcff14d5&pf_rd_r=VC82Y8R0AENS3T14RDKT&sprefix=Kitchen+%2Cbazaar%2C224&ref=nb_sb_ss_ts-doa-p_1_8,
,,,,https://www.amazon.in/s?i=bazaar&rh=n%3A28166270031&hidden-keywords=dining+linen&_encoding=UTF8&pf_rd_p=56d3e361-2683-472d-aa9e-bb8abcff14d5&pf_rd_r=VC82Y8R0AENS3T14RDKT&ref=Bazaar_Kitchen_Halo_7,
,,,,https://www.amazon.in/s?i=bazaar&hidden-keywords=Bakeware&_encoding=UTF8&crid=1FP9GIAKAOHH5&pf_rd_p=56d3e361-2683-472d-aa9e-bb8abcff14d5&pf_rd_r=VC82Y8R0AENS3T14RDKT&sprefix=bakeware%2Cbazaar%2C235&ref=nb_sb_noss_1,
,,,,https://www.amazon.in/s?i=bazaar&hidden-keywords=Water+bottels&_encoding=UTF8&_encoding=UTF8&crid=20XSJCWXSJIZ6&pf_rd_p=56d3e361-2683-472d-aa9e-bb8abcff14d5&pf_rd_r=VC82Y8R0AENS3T14RDKT&sprefix=water+bottels%2Cbazaar%2C241&ref=nb_sb_noss_2-mens-cotton,
,,,,,https://www.amazon.in/s?i=bazaar&bbn=28166270031&rh=n%3A28166270031%2Cp_36%3A-40000&dc&hidden-keywords=girls+clothes&ds=v1%3AwMM35zPD0M0tNu6mSjOeHToE4vlo04ay%2F1%2Fnz%2FlV6ew&_encoding=UTF8&crid=2NXYHLNJ55UDZ&pf_rd_p=8851113b-d9fd-4b5c-8801-c4f81da48240&pf_rd_r=W65RBAZB8GH7MNHV5994&qid=1755511597&rnid=4595083031&sprefix=girls+clothes%2Cbazaar%2C234&ref=sr_rib_m_web_fi_0_1_a_p_36_4595084031_0
,,,,,https://www.amazon.in/s?i=bazaar&bbn=28166270031&rh=n%3A28166270031%2Cp_36%3A-35000&dc&hidden-keywords=boys+clothes&ds=v1%3ANUGDjJe3zhLZIrxqKnDVqAQcKP7iemmrQjeDDCNnbhE&_encoding=UTF8&crid=202ZDB9WV78VD&pf_rd_p=8851113b-d9fd-4b5c-8801-c4f81da48240&pf_rd_r=W65RBAZB8GH7MNHV5994&qid=1755511639&rnid=4595083031&sprefix=boys+clothes%2Cbazaar%2C212&ref=sr_rib_m_web_fi_0_1_a_p_36_4595084031_0
,,,,,https://www.amazon.in/s?i=bazaar&bbn=28166270031&rh=p_36%3A-35000&hidden-keywords=Toys+%26+game&_encoding=UTF8&crid=31Y8LT60F6IF4&pf_rd_p=8851113b-d9fd-4b5c-8801-c4f81da48240&pf_rd_r=W65RBAZB8GH7MNHV5994&qid=1754632036&rnid=2485523031&sprefix=toys+%26+game%2Cbazaar%2C223&ref=is_r_p_36_0_0
,,,,,https://www.amazon.in/s?i=bazaar&bbn=28166270031&rh=n%3A28166270031%2Cp_36%3A-30000&dc&hidden-keywords=baby+clothes&ds=v1%3A0MgKoV3MOAXxSquZRWeEp6d6XYFwAohKUZaGqXFSEs8&_encoding=UTF8&crid=3RKKBY77REE2J&pf_rd_p=8851113b-d9fd-4b5c-8801-c4f81da48240&pf_rd_r=W65RBAZB8GH7MNHV5994&qid=1755511701&rnid=4595083031&sprefix=baby+clothe%2Cbazaar%2C218&ref=sr_rib_m_web_fi_0_1_a_p_36_4595084031_0
,,,,,https://www.amazon.in/s?i=bazaar&hidden-keywords=boy+shoes&_encoding=UTF8&pf_rd_p=8851113b-d9fd-4b5c-8801-c4f81da48240&pf_rd_r=W65RBAZB8GH7MNHV5994&ref=Bazaar_Kids_Halo_4
,,,,,https://www.amazon.in/s?i=bazaar&hidden-keywords=girl+shoes&_encoding=UTF8&pf_rd_p=8851113b-d9fd-4b5c-8801-c4f81da48240&pf_rd_r=W65RBAZB8GH7MNHV5994&ref=Bazaar_Kids_Halo_5
,,,,,https://www.amazon.in/s?i=bazaar&bbn=28166270031&rh=p_36%3A-40000&hidden-keywords=Kids+accessories&_encoding=UTF8&crid=2BEX89JNZ74WY&pf_rd_p=8851113b-d9fd-4b5c-8801-c4f81da48240&pf_rd_r=W65RBAZB8GH7MNHV5994&qid=1752142433&rnid=3439822031&sprefix=kids+accessorie%2Cbazaar%2C237&ref=is_r_p_36_0_0
